[
{
    "model": "employees.grade",
    "pk": 1,
    "fields": {
        "name": "Junior"
    }
},
{
    "model": "employees.grade",
    "pk": 2,
    "fields": {
        "name": "Middle"
    }
},
{
    "model": "employees.grade",
    "pk": 3,
    "fields": {
        "name": "Senior"
    }
},
{
    "model": "employees.position",
    "pk": 1,
    "fields": {
        "name": "Тестировщик"
    }
},
{
    "model": "employees.position",
    "pk": 2,
    "fields": {
        "name": "Бизнес Аналитик"
    }
},
{
    "model": "employees.position",
    "pk": 3,
    "fields": {
        "name": "Разработчик / Программист"
    }
},
{
    "model": "employees.position",
    "pk": 4,
    "fields": {
        "name": "Системный аналитик"
    }
},
{
    "model": "employees.position",
    "pk": 5,
    "fields": {
        "name": "Менеджер проекта"
    }
},
{
    "model": "employees.position",
    "pk": 6,
    "fields": {
        "name": "Тимлид"
    }
},
{
    "model": "employees.position",
    "pk": 7,
    "fields": {
        "name": "Менеджер продукта"
    }
},
{
    "model": "employees.position",
    "pk": 8,
    "fields": {
        "name": "Дизайнер"
    }
},
{
    "model": "employees.team",
    "pk": 1,
    "fields": {
        "name": "Core"
    }
},
{
    "model": "employees.team",
    "pk": 2,
    "fields": {
        "name": "Приложение"
    }
},
{
    "model": "employees.team",
    "pk": 3,
    "fields": {
        "name": "ФЛ"
    }
},
{
    "model": "employees.team",
    "pk": 4,
    "fields": {
        "name": "Эквайринг"
    }
},
{
    "model": "employees.team",
    "pk": 5,
    "fields": {
        "name": "ЮЛ"
    }
},
{
    "model": "employees.team",
    "pk": 6,
    "fields": {
        "name": "Медиа"
    }
},
{
    "model": "employees.employee",
    "pk": 1,
    "fields": {
        "name": "Соколов Тимур",
        "position": 1,
        "bus_factor": false,
        "grade": 3,
        "created": "2023-02-25",
        "image": "",
        "team": [
            1
        ]
    }
},
{
    "model": "employees.employee",
    "pk": 2,
    "fields": {
        "name": "Муравьев Али",
        "position": 2,
        "bus_factor": false,
        "grade": 3,
        "created": "2023-09-02",
        "image": "",
        "team": [
            2
        ]
    }
},
{
    "model": "employees.employee",
    "pk": 3,
    "fields": {
        "name": "Зотов Давид",
        "position": 3,
        "bus_factor": false,
        "grade": 1,
        "created": "2024-01-25",
        "image": "",
        "team": [
            3
        ]
    }
},
{
    "model": "employees.employee",
    "pk": 4,
    "fields": {
        "name": "Скворцова Мария",
        "position": 4,
        "bus_factor": false,
        "grade": 2,
        "created": "2022-08-22",
        "image": "",
        "team": [
            1
        ]
    }
},
{
    "model": "employees.employee",
    "pk": 5,
    "fields": {
        "name": "Григорьев Павел",
        "position": 2,
        "bus_factor": false,
        "grade": 1,
        "created": "2022-04-11",
        "image": "",
        "team": [
            2
        ]
    }
},
{
    "model": "employees.employee",
    "pk": 6,
    "fields": {
        "name": "Панов Григорий",
        "position": 2,
        "bus_factor": true,
        "grade": 3,
        "created": "2024-02-23",
        "image": "",
        "team": [
            1
        ]
    }
},
{
    "model": "employees.employee",
    "pk": 7,
    "fields": {
        "name": "Калашникова Мия",
        "position": 1,
        "bus_factor": false,
        "grade": 2,
        "created": "2022-03-27",
        "image": "",
        "team": [
            4
        ]
    }
},
{
    "model": "employees.employee",
    "pk": 8,
    "fields": {
        "name": "Ефремов Роман",
        "position": 5,
        "bus_factor": false,
        "grade": 3,
        "created": "2022-08-07",
        "image": "",
        "team": [
            5
        ]
    }
},
{
    "model": "employees.employee",
    "pk": 9,
    "fields": {
        "name": "Кузнецов Савелий",
        "position": 6,
        "bus_factor": false,
        "grade": 1,
        "created": "2022-04-27",
        "image": "",
        "team": [
            6
        ]
    }
},
{
    "model": "employees.employee",
    "pk": 10,
    "fields": {
        "name": "Смирнова Милана",
        "position": 7,
        "bus_factor": false,
        "grade": 3,
        "created": "2023-11-24",
        "image": "",
        "team": [
            6
        ]
    }
},
{
    "model": "employees.employee",
    "pk": 11,
    "fields": {
        "name": "Ефимова Вера",
        "position": 3,
        "bus_factor": true,
        "grade": 2,
        "created": "2024-06-05",
        "image": "",
        "team": [
            4
        ]
    }
},
{
    "model": "employees.employee",
    "pk": 12,
    "fields": {
        "name": "Захарова Арина",
        "position": 8,
        "bus_factor": false,
        "grade": 2,
        "created": "2023-12-14",
        "image": "",
        "team": [
            2
        ]
    }
},
{
    "model": "employees.employee",
    "pk": 13,
    "fields": {
        "name": "Комарова Вера",
        "position": 5,
        "bus_factor": false,
        "grade": 1,
        "created": "2024-07-22",
        "image": "",
        "team": [
            6
        ]
    }
},
{
    "model": "employees.employee",
    "pk": 14,
    "fields": {
        "name": "Грачев Александр",
        "position": 7,
        "bus_factor": false,
        "grade": 2,
        "created": "2022-10-26",
        "image": "",
        "team": [
            2
        ]
    }
},
{
    "model": "employees.employee",
    "pk": 15,
    "fields": {
        "name": "Петровская Ульяна",
        "position": 8,
        "bus_factor": false,
        "grade": 2,
        "created": "2023-02-02",
        "image": "",
        "team": [
            3
        ]
    }
},
{
    "model": "employees.employee",
    "pk": 16,
    "fields": {
        "name": "Фадеев Савелий",
        "position": 7,
        "bus_factor": false,
        "grade": 3,
        "created": "2023-05-21",
        "image": "",
        "team": [
            3
        ]
    }
},
{
    "model": "employees.employee",
    "pk": 17,
    "fields": {
        "name": "Александров Ярослав",
        "position": 8,
        "bus_factor": false,
        "grade": 2,
        "created": "2022-09-29",
        "image": "",
        "team": [
            5
        ]
    }
},
{
    "model": "employees.employee",
    "pk": 18,
    "fields": {
        "name": "Кузнецова Василиса",
        "position": 5,
        "bus_factor": false,
        "grade": 1,
        "created": "2022-03-22",
        "image": "",
        "team": [
            2
        ]
    }
},
{
    "model": "employees.employee",
    "pk": 19,
    "fields": {
        "name": "Парфенов Руслан",
        "position": 5,
        "bus_factor": false,
        "grade": 3,
        "created": "2023-04-05",
        "image": "",
        "team": [
            4
        ]
    }
},
{
    "model": "employees.employee",
    "pk": 20,
    "fields": {
        "name": "Смирнова Ульяна",
        "position": 7,
        "bus_factor": false,
        "grade": 2,
        "created": "2022-10-25",
        "image": "",
        "team": [
            3
        ]
    }
},
{
    "model": "employees.employee",
    "pk": 21,
    "fields": {
        "name": "Кузнецов Роман",
        "position": 3,
        "bus_factor": true,
        "grade": 3,
        "created": "2024-04-13",
        "image": "",
        "team": [
            6
        ]
    }
},
{
    "model": "employees.employee",
    "pk": 22,
    "fields": {
        "name": "Захарова Ульяна",
        "position": 6,
        "bus_factor": false,
        "grade": 3,
        "created": "2024-05-06",
        "image": "",
        "team": [
            2
        ]
    }
},
{
    "model": "employees.employee",
    "pk": 23,
    "fields": {
        "name": "Панина Дарья",
        "position": 4,
        "bus_factor": false,
        "grade": 3,
        "created": "2023-05-30",
        "image": "",
        "team": [
            2
        ]
    }
},
{
    "model": "employees.employee",
    "pk": 24,
    "fields": {
        "name": "Зиновьева Ева",
        "position": 8,
        "bus_factor": false,
        "grade": 1,
        "created": "2022-05-21",
        "image": "",
        "team": [
            4
        ]
    }
},
{
    "model": "employees.employee",
    "pk": 25,
    "fields": {
        "name": "Михайлова Аделина",
        "position": 7,
        "bus_factor": false,
        "grade": 1,
        "created": "2022-04-27",
        "image": "",
        "team": [
            6
        ]
    }
},
{
    "model": "employees.employee",
    "pk": 26,
    "fields": {
        "name": "Ильина Нина",
        "position": 7,
        "bus_factor": false,
        "grade": 2,
        "created": "2022-10-30",
        "image": "",
        "team": [
            5
        ]
    }
},
{
    "model": "employees.employee",
    "pk": 27,
    "fields": {
        "name": "Александров Глеб",
        "position": 7,
        "bus_factor": false,
        "grade": 1,
        "created": "2023-02-04",
        "image": "",
        "team": [
            3
        ]
    }
},
{
    "model": "employees.employee",
    "pk": 28,
    "fields": {
        "name": "Комиссарова Малика",
        "position": 3,
        "bus_factor": true,
        "grade": 2,
        "created": "2024-04-04",
        "image": "",
        "team": [
            4
        ]
    }
},
{
    "model": "employees.employee",
    "pk": 29,
    "fields": {
        "name": "Павлова Дарина",
        "position": 4,
        "bus_factor": false,
        "grade": 1,
        "created": "2023-03-27",
        "image": "",
        "team": [
            1
        ]
    }
},
{
    "model": "employees.employee",
    "pk": 30,
    "fields": {
        "name": "Позднякова Милана",
        "position": 3,
        "bus_factor": false,
        "grade": 2,
        "created": "2023-11-18",
        "image": "",
        "team": [
            2
        ]
    }
},
{
    "model": "employees.employee",
    "pk": 31,
    "fields": {
        "name": "Борисов Марк",
        "position": 7,
        "bus_factor": false,
        "grade": 3,
        "created": "2023-08-25",
        "image": "",
        "team": [
            3
        ]
    }
},
{
    "model": "employees.employee",
    "pk": 32,
    "fields": {
        "name": "Андреев Василий",
        "position": 6,
        "bus_factor": false,
        "grade": 1,
        "created": "2023-11-25",
        "image": "",
        "team": [
            5
        ]
    }
},
{
    "model": "employees.employee",
    "pk": 33,
    "fields": {
        "name": "Лукина Нина",
        "position": 8,
        "bus_factor": false,
        "grade": 1,
        "created": "2023-06-20",
        "image": "",
        "team": [
            1
        ]
    }
},
{
    "model": "employees.employee",
    "pk": 34,
    "fields": {
        "name": "Плотникова Варвара",
        "position": 7,
        "bus_factor": false,
        "grade": 2,
        "created": "2023-04-18",
        "image": "",
        "team": [
            3
        ]
    }
},
{
    "model": "employees.employee",
    "pk": 35,
    "fields": {
        "name": "Князева Диана",
        "position": 7,
        "bus_factor": false,
        "grade": 3,
        "created": "2022-05-10",
        "image": "",
        "team": [
            4
        ]
    }
},
{
    "model": "employees.employee",
    "pk": 36,
    "fields": {
        "name": "Куприянова Мария",
        "position": 1,
        "bus_factor": false,
        "grade": 1,
        "created": "2022-07-28",
        "image": "",
        "team": [
            4
        ]
    }
},
{
    "model": "employees.employee",
    "pk": 37,
    "fields": {
        "name": "Ефремов Вячеслав",
        "position": 6,
        "bus_factor": false,
        "grade": 3,
        "created": "2022-03-28",
        "image": "",
        "team": [
            1
        ]
    }
},
{
    "model": "employees.employee",
    "pk": 38,
    "fields": {
        "name": "Исаев Александр",
        "position": 5,
        "bus_factor": false,
        "grade": 2,
        "created": "2022-10-06",
        "image": "",
        "team": [
            1
        ]
    }
},
{
    "model": "employees.employee",
    "pk": 39,
    "fields": {
        "name": "Макаров Никита",
        "position": 7,
        "bus_factor": false,
        "grade": 1,
        "created": "2024-01-26",
        "image": "",
        "team": [
            4
        ]
    }
},
{
    "model": "employees.employee",
    "pk": 40,
    "fields": {
        "name": "Николаев Даниил",
        "position": 6,
        "bus_factor": false,
        "grade": 2,
        "created": "2022-06-13",
        "image": "",
        "team": [
            5
        ]
    }
},
{
    "model": "employees.employee",
    "pk": 41,
    "fields": {
        "name": "Акимов Роберт",
        "position": 8,
        "bus_factor": false,
        "grade": 2,
        "created": "2022-03-16",
        "image": "",
        "team": [
            6
        ]
    }
},
{
    "model": "employees.employee",
    "pk": 42,
    "fields": {
        "name": "Никитин Андрей",
        "position": 1,
        "bus_factor": false,
        "grade": 1,
        "created": "2023-04-23",
        "image": "",
        "team": [
            1
        ]
    }
},
{
    "model": "employees.employee",
    "pk": 43,
    "fields": {
        "name": "Дегтярева Александра",
        "position": 7,
        "bus_factor": false,
        "grade": 1,
        "created": "2022-07-21",
        "image": "",
        "team": [
            3
        ]
    }
},
{
    "model": "employees.employee",
    "pk": 44,
    "fields": {
        "name": "Смирнова Анна",
        "position": 5,
        "bus_factor": false,
        "grade": 1,
        "created": "2023-04-07",
        "image": "",
        "team": [
            1
        ]
    }
},
{
    "model": "employees.employee",
    "pk": 45,
    "fields": {
        "name": "Филатов Тихон",
        "position": 7,
        "bus_factor": false,
        "grade": 2,
        "created": "2024-02-22",
        "image": "",
        "team": [
            6
        ]
    }
},
{
    "model": "employees.employee",
    "pk": 46,
    "fields": {
        "name": "Симонов Фёдор",
        "position": 5,
        "bus_factor": true,
        "grade": 3,
        "created": "2023-09-12",
        "image": "",
        "team": [
            5
        ]
    }
},
{
    "model": "employees.employee",
    "pk": 47,
    "fields": {
        "name": "Климова София",
        "position": 8,
        "bus_factor": false,
        "grade": 2,
        "created": "2024-04-20",
        "image": "",
        "team": [
            4
        ]
    }
},
{
    "model": "employees.employee",
    "pk": 48,
    "fields": {
        "name": "Герасимова Юлия",
        "position": 1,
        "bus_factor": false,
        "grade": 2,
        "created": "2022-02-20",
        "image": "",
        "team": [
            1
        ]
    }
},
{
    "model": "employees.employee",
    "pk": 49,
    "fields": {
        "name": "Грачев Сергей",
        "position": 3,
        "bus_factor": false,
        "grade": 3,
        "created": "2023-07-16",
        "image": "",
        "team": [
            4
        ]
    }
},
{
    "model": "employees.employee",
    "pk": 50,
    "fields": {
        "name": "Михайлова Алиса",
        "position": 4,
        "bus_factor": false,
        "grade": 1,
        "created": "2022-05-06",
        "image": "",
        "team": [
            4
        ]
    }
},
{
    "model": "employees.employee",
    "pk": 51,
    "fields": {
        "name": "Озерова Ксения",
        "position": 1,
        "bus_factor": false,
        "grade": 2,
        "created": "2023-11-19",
        "image": "",
        "team": [
            6
        ]
    }
},
{
    "model": "employees.employee",
    "pk": 52,
    "fields": {
        "name": "Трошина Валерия",
        "position": 4,
        "bus_factor": false,
        "grade": 1,
        "created": "2023-03-23",
        "image": "",
        "team": [
            3
        ]
    }
},
{
    "model": "employees.employee",
    "pk": 53,
    "fields": {
        "name": "Сидорова Татьяна",
        "position": 5,
        "bus_factor": false,
        "grade": 1,
        "created": "2023-03-27",
        "image": "",
        "team": [
            5
        ]
    }
},
{
    "model": "employees.employee",
    "pk": 54,
    "fields": {
        "name": "Дубов Тимур",
        "position": 7,
        "bus_factor": true,
        "grade": 2,
        "created": "2024-06-23",
        "image": "",
        "team": [
            2
        ]
    }
},
{
    "model": "employees.employee",
    "pk": 55,
    "fields": {
        "name": "Васильева Айлин",
        "position": 7,
        "bus_factor": false,
        "grade": 2,
        "created": "2022-09-13",
        "image": "",
        "team": [
            2
        ]
    }
},
{
    "model": "employees.employee",
    "pk": 56,
    "fields": {
        "name": "Ларина Василиса",
        "position": 3,
        "bus_factor": true,
        "grade": 1,
        "created": "2024-03-18",
        "image": "",
        "team": [
            1
        ]
    }
},
{
    "model": "employees.employee",
    "pk": 57,
    "fields": {
        "name": "Григорьев Сергей",
        "position": 3,
        "bus_factor": false,
        "grade": 2,
        "created": "2023-05-30",
        "image": "",
        "team": [
            2
        ]
    }
},
{
    "model": "employees.employee",
    "pk": 58,
    "fields": {
        "name": "Афанасьева Дарья",
        "position": 5,
        "bus_factor": false,
        "grade": 1,
        "created": "2023-06-29",
        "image": "",
        "team": [
            5
        ]
    }
},
{
    "model": "employees.employee",
    "pk": 59,
    "fields": {
        "name": "Казакова Милана",
        "position": 8,
        "bus_factor": false,
        "grade": 2,
        "created": "2024-01-14",
        "image": "",
        "team": [
            5
        ]
    }
},
{
    "model": "employees.employee",
    "pk": 60,
    "fields": {
        "name": "Маркина Ксения",
        "position": 1,
        "bus_factor": false,
        "grade": 2,
        "created": "2022-03-17",
        "image": "",
        "team": [
            5
        ]
    }
},
{
    "model": "employees.employee",
    "pk": 61,
    "fields": {
        "name": "Романова Ариана",
        "position": 7,
        "bus_factor": false,
        "grade": 1,
        "created": "2023-07-17",
        "image": "",
        "team": [
            5
        ]
    }
},
{
    "model": "employees.employee",
    "pk": 62,
    "fields": {
        "name": "Соколова София",
        "position": 6,
        "bus_factor": false,
        "grade": 1,
        "created": "2024-03-04",
        "image": "",
        "team": [
            3
        ]
    }
},
{
    "model": "employees.employee",
    "pk": 63,
    "fields": {
        "name": "Павлова Камила",
        "position": 3,
        "bus_factor": false,
        "grade": 1,
        "created": "2022-08-03",
        "image": "",
        "team": [
            3
        ]
    }
},
{
    "model": "employees.employee",
    "pk": 64,
    "fields": {
        "name": "Хомяков Святослав",
        "position": 5,
        "bus_factor": false,
        "grade": 1,
        "created": "2023-07-12",
        "image": "",
        "team": [
            2
        ]
    }
},
{
    "model": "employees.employee",
    "pk": 65,
    "fields": {
        "name": "Демидов Роман",
        "position": 1,
        "bus_factor": false,
        "grade": 1,
        "created": "2023-10-25",
        "image": "",
        "team": [
            3
        ]
    }
},
{
    "model": "employees.employee",
    "pk": 66,
    "fields": {
        "name": "Греков Фёдор",
        "position": 3,
        "bus_factor": false,
        "grade": 1,
        "created": "2022-09-13",
        "image": "",
        "team": [
            5
        ]
    }
},
{
    "model": "employees.employee",
    "pk": 67,
    "fields": {
        "name": "Скворцов Артём",
        "position": 1,
        "bus_factor": false,
        "grade": 1,
        "created": "2022-09-15",
        "image": "",
        "team": [
            3
        ]
    }
},
{
    "model": "employees.employee",
    "pk": 68,
    "fields": {
        "name": "Майорова Алиса",
        "position": 2,
        "bus_factor": false,
        "grade": 1,
        "created": "2022-06-03",
        "image": "",
        "team": [
            1
        ]
    }
},
{
    "model": "employees.employee",
    "pk": 69,
    "fields": {
        "name": "Ермилов Тимур",
        "position": 4,
        "bus_factor": false,
        "grade": 1,
        "created": "2022-03-18",
        "image": "",
        "team": [
            3
        ]
    }
},
{
    "model": "employees.employee",
    "pk": 70,
    "fields": {
        "name": "Волков Андрей",
        "position": 3,
        "bus_factor": false,
        "grade": 2,
        "created": "2023-05-28",
        "image": "",
        "team": [
            5
        ]
    }
},
{
    "model": "employees.employee",
    "pk": 71,
    "fields": {
        "name": "Буров Гордей",
        "position": 8,
        "bus_factor": false,
        "grade": 1,
        "created": "2024-04-26",
        "image": "",
        "team": [
            2
        ]
    }
},
{
    "model": "employees.employee",
    "pk": 72,
    "fields": {
        "name": "Успенский Кирилл",
        "position": 7,
        "bus_factor": true,
        "grade": 2,
        "created": "2024-02-18",
        "image": "",
        "team": [
            3
        ]
    }
},
{
    "model": "employees.employee",
    "pk": 73,
    "fields": {
        "name": "Соколов Дмитрий",
        "position": 4,
        "bus_factor": false,
        "grade": 3,
        "created": "2022-07-29",
        "image": "",
        "team": [
            5
        ]
    }
},
{
    "model": "employees.employee",
    "pk": 74,
    "fields": {
        "name": "Ершова Варвара",
        "position": 6,
        "bus_factor": false,
        "grade": 2,
        "created": "2022-06-18",
        "image": "",
        "team": [
            2
        ]
    }
},
{
    "model": "employees.employee",
    "pk": 75,
    "fields": {
        "name": "Гришина Полина",
        "position": 3,
        "bus_factor": false,
        "grade": 1,
        "created": "2022-07-11",
        "image": "",
        "team": [
            3
        ]
    }
},
{
    "model": "employees.employee",
    "pk": 76,
    "fields": {
        "name": "Серебряков Артём",
        "position": 4,
        "bus_factor": false,
        "grade": 1,
        "created": "2023-08-28",
        "image": "",
        "team": [
            3
        ]
    }
},
{
    "model": "employees.employee",
    "pk": 77,
    "fields": {
        "name": "Волкова Ксения",
        "position": 2,
        "bus_factor": false,
        "grade": 2,
        "created": "2023-06-07",
        "image": "",
        "team": [
            3
        ]
    }
},
{
    "model": "employees.employee",
    "pk": 78,
    "fields": {
        "name": "Вишневская Софья",
        "position": 4,
        "bus_factor": false,
        "grade": 1,
        "created": "2022-12-25",
        "image": "",
        "team": [
            2
        ]
    }
},
{
    "model": "employees.employee",
    "pk": 79,
    "fields": {
        "name": "Никулина Елизавета",
        "position": 6,
        "bus_factor": false,
        "grade": 1,
        "created": "2023-08-29",
        "image": "",
        "team": [
            2
        ]
    }
},
{
    "model": "employees.employee",
    "pk": 80,
    "fields": {
        "name": "Сорокин Максим",
        "position": 2,
        "bus_factor": false,
        "grade": 1,
        "created": "2023-02-14",
        "image": "",
        "team": [
            6
        ]
    }
},
{
    "model": "employees.employee",
    "pk": 81,
    "fields": {
        "name": "Евсеева Ксения",
        "position": 6,
        "bus_factor": true,
        "grade": 2,
        "created": "2024-05-28",
        "image": "",
        "team": [
            2
        ]
    }
},
{
    "model": "employees.employee",
    "pk": 82,
    "fields": {
        "name": "Кузнецов Матвей",
        "position": 4,
        "bus_factor": false,
        "grade": 1,
        "created": "2023-01-26",
        "image": "",
        "team": [
            4
        ]
    }
},
{
    "model": "employees.employee",
    "pk": 83,
    "fields": {
        "name": "Панова Алиса",
        "position": 3,
        "bus_factor": false,
        "grade": 1,
        "created": "2022-06-20",
        "image": "",
        "team": [
            4
        ]
    }
},
{
    "model": "employees.employee",
    "pk": 84,
    "fields": {
        "name": "Колесникова Агата",
        "position": 4,
        "bus_factor": false,
        "grade": 3,
        "created": "2024-03-18",
        "image": "",
        "team": [
            5
        ]
    }
},
{
    "model": "employees.employee",
    "pk": 85,
    "fields": {
        "name": "Старикова Ксения",
        "position": 1,
        "bus_factor": false,
        "grade": 2,
        "created": "2022-10-10",
        "image": "",
        "team": [
            5
        ]
    }
},
{
    "model": "employees.employee",
    "pk": 86,
    "fields": {
        "name": "Львов Адам",
        "position": 4,
        "bus_factor": false,
        "grade": 1,
        "created": "2022-08-04",
        "image": "",
        "team": [
            6
        ]
    }
},
{
    "model": "employees.employee",
    "pk": 87,
    "fields": {
        "name": "Емельянов Александр",
        "position": 6,
        "bus_factor": false,
        "grade": 2,
        "created": "2022-06-19",
        "image": "",
        "team": [
            5
        ]
    }
},
{
    "model": "employees.employee",
    "pk": 88,
    "fields": {
        "name": "Чеботарева Валерия",
        "position": 6,
        "bus_factor": false,
        "grade": 2,
        "created": "2022-09-10",
        "image": "",
        "team": [
            6
        ]
    }
},
{
    "model": "employees.employee",
    "pk": 89,
    "fields": {
        "name": "Журавлев Максим",
        "position": 1,
        "bus_factor": false,
        "grade": 2,
        "created": "2024-01-05",
        "image": "",
        "team": [
            6
        ]
    }
},
{
    "model": "employees.employee",
    "pk": 90,
    "fields": {
        "name": "Алексеева Вероника",
        "position": 5,
        "bus_factor": false,
        "grade": 2,
        "created": "2023-06-25",
        "image": "",
        "team": [
            2
        ]
    }
},
{
    "model": "employees.employee",
    "pk": 91,
    "fields": {
        "name": "Павлов Никита",
        "position": 6,
        "bus_factor": true,
        "grade": 1,
        "created": "2024-03-12",
        "image": "",
        "team": [
            6
        ]
    }
},
{
    "model": "employees.employee",
    "pk": 92,
    "fields": {
        "name": "Костин Михаил",
        "position": 5,
        "bus_factor": false,
        "grade": 2,
        "created": "2022-10-16",
        "image": "",
        "team": [
            6
        ]
    }
},
{
    "model": "employees.employee",
    "pk": 93,
    "fields": {
        "name": "Матвеев Василий",
        "position": 1,
        "bus_factor": false,
        "grade": 1,
        "created": "2022-03-22",
        "image": "",
        "team": [
            6
        ]
    }
},
{
    "model": "employees.employee",
    "pk": 94,
    "fields": {
        "name": "Орлова Сафия",
        "position": 7,
        "bus_factor": false,
        "grade": 3,
        "created": "2023-10-23",
        "image": "",
        "team": [
            4
        ]
    }
},
{
    "model": "employees.employee",
    "pk": 95,
    "fields": {
        "name": "Пирогов Артемий",
        "position": 6,
        "bus_factor": false,
        "grade": 3,
        "created": "2022-11-16",
        "image": "",
        "team": [
            1
        ]
    }
},
{
    "model": "employees.employee",
    "pk": 96,
    "fields": {
        "name": "Аксенова Аделина",
        "position": 8,
        "bus_factor": true,
        "grade": 2,
        "created": "2024-05-21",
        "image": "",
        "team": [
            3
        ]
    }
},
{
    "model": "employees.employee",
    "pk": 97,
    "fields": {
        "name": "Волков Денис",
        "position": 3,
        "bus_factor": false,
        "grade": 1,
        "created": "2022-04-23",
        "image": "",
        "team": [
            6
        ]
    }
},
{
    "model": "employees.employee",
    "pk": 98,
    "fields": {
        "name": "Тарасов Михаил",
        "position": 3,
        "bus_factor": true,
        "grade": 2,
        "created": "2024-03-06",
        "image": "",
        "team": [
            5
        ]
    }
},
{
    "model": "employees.employee",
    "pk": 99,
    "fields": {
        "name": "Кириллова Милана",
        "position": 2,
        "bus_factor": false,
        "grade": 1,
        "created": "2023-05-05",
        "image": "",
        "team": [
            3
        ]
    }
},
{
    "model": "employees.employee",
    "pk": 100,
    "fields": {
        "name": "Фомичева Вероника",
        "position": 8,
        "bus_factor": false,
        "grade": 1,
        "created": "2022-02-20",
        "image": "",
        "team": [
            3
        ]
    }
},
{
    "model": "employees.target",
    "pk": 1,
    "fields": {
        "employee": 4,
        "position": 4,
        "grade": 3
    }
},
{
    "model": "employees.target",
    "pk": 2,
    "fields": {
        "employee": 11,
        "position": 3,
        "grade": 3
    }
},
{
    "model": "employees.target",
    "pk": 3,
    "fields": {
        "employee": 14,
        "position": 7,
        "grade": 3
    }
},
{
    "model": "employees.target",
    "pk": 4,
    "fields": {
        "employee": 26,
        "position": 7,
        "grade": 3
    }
},
{
    "model": "employees.target",
    "pk": 5,
    "fields": {
        "employee": 29,
        "position": 4,
        "grade": 2
    }
},
{
    "model": "employees.target",
    "pk": 6,
    "fields": {
        "employee": 32,
        "position": 6,
        "grade": 2
    }
},
{
    "model": "employees.target",
    "pk": 7,
    "fields": {
        "employee": 77,
        "position": 2,
        "grade": 3
    }
},
{
    "model": "employees.target",
    "pk": 8,
    "fields": {
        "employee": 85,
        "position": 1,
        "grade": 3
    }
},
{
    "model": "employees.target",
    "pk": 9,
    "fields": {
        "employee": 87,
        "position": 6,
        "grade": 3
    }
},
{
    "model": "employees.target",
    "pk": 10,
    "fields": {
        "employee": 89,
        "position": 1,
        "grade": 3
    }
}
]
